model_name,best_cv_f1,accuracy,precision,recall,f1,roc_auc
DecisionTree,0.6420191176327587,0.9053549190535491,0.7423312883435583,0.7806451612903226,0.7610062893081762,0.857915173237754
RandomForest,0.6264396521330355,0.8405977584059776,0.5808383233532934,0.6258064516129033,0.6024844720496895,0.88621067303863
AdaBoost,0.3467478681773551,0.8343711083437111,0.8235294117647058,0.18064516129032257,0.2962962962962963,0.7931302270011947
