{
  "model_name": "RandomForest",
  "best_cv_f1": 0.7515433392895156,
  "accuracy": 0.9265255292652553,
  "precision": 0.8428571428571429,
  "recall": 0.7612903225806451,
  "f1": 0.8,
  "roc_auc": 0.9620121465551572,
  "best_params": {
    "model__max_depth": null,
    "model__n_estimators": 50
  }
}