{
  "model_name": "DecisionTree",
  "best_cv_f1": 0.6420191176327587,
  "accuracy": 0.9053549190535491,
  "precision": 0.7423312883435583,
  "recall": 0.7806451612903226,
  "f1": 0.7610062893081762,
  "roc_auc": 0.857915173237754,
  "best_params": {
    "model__max_depth": null,
    "model__min_samples_split": 2
  }
}